2.200.155.205,dslb-002-200-155-205.002.200.pools.vodafone-ip.de
3.161.43.29,server-3-161-43-29.qro50.r.cloudfront.net
3.169.152.60,server-3-169-152-60.ord58.r.cloudfront.net
10.200.97.38,10.200.97.38
18.65.157.154,server-18-65-157-154.kix82.r.cloudfront.net
24.182.102.181,syn-024-182-102-181.res.spectrum.com
31.197.172.80,host-31-197-172-80.business.telecomitalia.it
47.146.77.160,47-146-77-160.vng01.snbb.ca.frontiernet.net
50.72.192.176,S01063c82c0f79b1b.tb.shawcable.net
54.168.139.106,ec2-54-168-139-106.ap-northeast-1.compute.amazonaws.com
61.213.46.135,61-213-46-135.catv296.ne.jp
65.127.80.89,cls2-edge-04.inet.qwest.net
68.45.189.205,c-68-45-189-205.hsd1.in.comcast.net
68.49.235.81,c-68-49-235-81.hsd1.mi.comcast.net
68.100.236.127,ip68-100-236-127.dc.dc.cox.net
69.23.24.186,lag-1.clmboh5518m.netops.charter.com
73.66.187.118,c-73-66-187-118.hsd1.ca.comcast.net
73.101.101.49,c-73-101-101-49.hsd1.pa.comcast.net
73.110.193.156,c-73-110-193-156.hsd1.il.comcast.net
77.86.251.148,hel2-77-86-251-148.ext.nebulacloud.fi
78.198.16.197,jau03-2_migr-78-198-16-197.fbx.proxad.net
80.3.217.92,gate-13-b2-v4wan-167953-cust2395.vm8.cable.virginm.net
80.22.147.225,host-80-22-147-225.business.telecomitalia.it
81.179.77.117,host-81-179-77-117.as13285.net
81.205.23.90,81-205-23-90.fixed.kpn.net
82.54.190.188,host-82-54-190-188.retail.telecomitalia.it
88.27.17.94,94.red-88-27-17.staticip.rima-tde.net
95.233.33.17,host-95-233-33-17.retail.telecomitalia.it
98.232.169.42,c-98-232-169-42.hsd1.or.comcast.net
102.135.241.162,we-make-fibre-epic.atomic.ac
108.31.191.142,pool-108-31-191-142.washdc.fios.verizon.net
114.157.140.130,p2765131-omed01.tokyo.ocn.ne.jp
115.131.48.76,115-131-48-76.tpgi.com.au
116.223.157.132,116-223-157-132.rev.home.ne.jp
123.31.119.224,static.vnpt.vn
126.203.54.218,softbank126203054218.bbtec.net
136.51.13.41,136-51-13-41.googlefiber.net
144.232.25.2,be5764.1356.mpe71.b002148-9.bos01.atlas.cogentco.com
153.192.34.88,p1809088-ipxg00a01kobeminato.hyogo.ocn.ne.jp
173.184.108.7,h7.108.184.173.dynamic.ip.windstream.net
174.0.92.219,S0106bc9b68c7a8bf.ek.shawcable.net
174.85.76.235,syn-174-085-076-235.res.spectrum.com
176.162.43.151,static-css-csd-043151.business.bouyguestelecom.com
176.230.242.219,176-230-242-219.orange.net.il
178.125.247.92,mm-92-247-125-178.mfilial.dynamic.pppoe.byfly.by
186.94.102.80,186-94-102-80.bto-03-p74.cantv.net
189.55.102.240,bd3766f0.virtua.com.br
189.203.177.101,fixed-189-203-177-101.totalplay.net
203.106.181.83,kbu-181-83.tm.net.my
